{"_default": {"1": {"network": "harmony-devnet", "confirmations": 5, "timestamp": 1658765135.8692265, "fee": null, "user_hash": "0xd121c4cb1b41e06119918e6dd514e7377a1d54f02409a847eeec0844b455751c", "user_timestamp": 1658765137, "user_time": [4.351055145263672, 4.899691104888916, 6.7502219676971436, 8.815909147262573, 10.882110357284546], "user_tx_status": 1, "user_gas_used": 42271, "user_gas_price": 30000000000, "user_cost": 1268130000000000, "user_error": null, "app_hash": "0x6b4329bb761322dd08256fcd4a13d55a73db0035b3b65ec974ef91b14769a561", "app_timestamp": 1658765149, "app_time": [4.2284018993377686, 5.648828744888306, 7.716418504714966, 9.787899017333984, 11.634962797164917], "app_tx_status": 1, "app_gas_used": 13918, "app_gas_price": 30000000000, "app_cost": 417540000000000, "app_error": null}}}