{"_default": {"1": {"network": "optimism-test", "confirmations": 5, "timestamp": 1658766605.9978304, "datetime": "2022-07-25T18:30:05.997831", "fee": null, "user_hash": "0x4a745796921069647ec011d089b0c305861e493486f27233edfc2893fb699823", "user_timestamp": 1658766607, "user_time": [3.769552230834961, 6.379981756210327, 6.525055170059204, 7.4032416343688965, 7.547633171081543], "user_tx_status": 1, "user_gas_used": 27259, "user_gas_price": 10000, "user_cost": 272590000, "user_error": null, "app_hash": "0xae2432c996c16465f7db72e6eb3fa7f63376281c11f71b919629406c2eaec4bb", "app_timestamp": 1658766607, "app_time": [3.368522882461548, 5.735235691070557, 6.372264862060547, 6.523330211639404, 12.566153764724731], "app_tx_status": 1, "app_gas_used": 22247, "app_gas_price": 10000, "app_cost": 222470000, "app_error": null}}}