{"_default": {"1": {"network": "avax-test", "confirmations": 5, "timestamp": 1658765137.5217996, "fee": null, "user_hash": "0x95b15e057a0b2bf9d8272da20c87bb4a38805463bf84e68702e3606e56607178", "user_timestamp": 1658765140, "user_time": [4.772108316421509, 7.782543897628784, 12.738052606582642, 13.822888135910034, 16.709422826766968], "user_tx_status": 1, "user_gas_used": 44371, "user_gas_price": 25000000000, "user_cost": 1109275000000000, "user_error": null, "app_hash": "0xefc9cc9980fe2a61a09cd3cd4c4a31c41827075ccb943a6636db4d0d2725184a", "app_timestamp": 1658765157, "app_time": [3.28494930267334, 8.5068998336792, 9.901129007339478, 17.40371084213257, 23.170042991638184], "app_tx_status": 1, "app_gas_used": 27035, "app_gas_price": 25000000000, "app_cost": 675875000000000, "app_error": null}}}