{"_default": {"1": {"network": "kovan", "confirmations": 5, "timestamp": 1658765136.0571606, "fee": null, "user_hash": "0x7cb399a769e40cdaf8a1534e5e49f9204572a08f1aaa4d22c034cd5bae8e9723", "user_timestamp": 1658765152, "user_time": [17.81438708305359, 19.039039611816406, 23.15321445465088, 27.243053913116455, 31.487229108810425], "user_tx_status": 1, "user_gas_used": 44359, "user_gas_price": 2500000007, "user_cost": 110897500310513, "user_error": null, "app_hash": "0x9f253c8013100a70c1777f164f484615233e3af369f19ddeeb167bac2779bab2", "app_timestamp": 1658765176, "app_time": [8.51226544380188, 11.49960207939148, 15.567871332168579, 19.449673175811768, 23.76141095161438], "app_tx_status": 1, "app_gas_used": 22247, "app_gas_price": 2500000007, "app_cost": 55617500155729, "app_error": null}}}