{"_default": {"1": {"network": "bsc-test", "confirmations": 5, "timestamp": 1658765137.579596, "fee": null, "user_hash": "0xe9996954c042af1723017c8efaa08680a448f0fd5ae4a910e09568b2ee67abb1", "user_timestamp": 1658765146, "user_time": [7.63774561882019, 10.73617696762085, 13.480354309082031, 16.573123931884766, 19.344661474227905], "user_tx_status": 1, "user_gas_used": 42271, "user_gas_price": 10000000000, "user_cost": 422710000000000, "user_error": null, "app_hash": "0xdfd57d67f44811aa756069fdc69edc92eca92a7be2b27c7f38788541362736d4", "app_timestamp": 1658765164, "app_time": [7.195663690567017, 8.523608684539795, 11.624648809432983, 14.35904312133789, 17.489295482635498], "app_tx_status": 1, "app_gas_used": 13918, "app_gas_price": 10000000000, "app_cost": 139180000000000, "app_error": null}}}