name,variance_1,variance_2,variance_3,variance_4,variance_5,average
Ethereum Rinkeby,7.1966522968323385,7.182787662838919,6.9486520003626895,7.277064233716882,6.992727798978588,7.119576798545883
