{
    "_default": {
        "1": {
            "network": "ftm-test",
            "confirmations": 5,
            "timestamp": 1658768406.1916265,
            "datetime": "2022-07-25T19:00:06.191627",
            "fee": null,
            "user_hash": "0xf7dedf65b8ad76c1993c5efede43a1d239df486ae73b2151bc3c0275da400323",
            "user_timestamp": 1658768405,
            "user_time": [
                2.1345319747924805,
                305.2373049259186,
                608.1323263645172,
                910.5434358119965,
                1212.9383752346039
            ],
            "user_tx_status": 1,
            "user_gas_used": 139933,
            "user_gas_price": 1029285000,
            "user_cost": 144030937905000,
            "user_error": null,
            "app_hash": "0x5225562622fffce382e144a5d5a54971abb9d8d68c1c31ea6e838c544d170ae0",
            "app_timestamp": 1658769622,
            "app_time": [
                302.8973398208618,
                605.3220586776733,
                907.719215631485,
                1210.1500797271729,
                1512.5652363300323
            ],
            "app_tx_status": 1,
            "app_gas_used": 119531,
            "app_gas_price": 1029285000,
            "app_cost": 123031465335000,
            "app_error": null
        }
    }
}