{"_default": {"1": {"network": "ftm-test", "confirmations": 5, "timestamp": 1658765137.8317354, "fee": null, "user_hash": "0x33edc5b4f0d0725cbc0a3602cf7cd33c79b61d56011a032d695a2705ca9134cc", "user_timestamp": 1658765137, "user_time": [2.5409233570098877, 4.554410696029663, 14.314915180206299, 317.85127449035645, 620.5904316902161], "user_tx_status": 1, "user_gas_used": 139923, "user_gas_price": 1029348000, "user_cost": 144029460204000, "user_error": null, "app_hash": "0x405bccdaf5da7e29796571cf60d43d6be78780e975f8106b9b70e00648556846", "app_timestamp": 1658765760, "app_time": [303.36836647987366, 606.1062610149384, 909.0313701629639, 1211.845498085022, 1514.783178806305], "app_tx_status": 1, "app_gas_used": 119542, "app_gas_price": 1029658000, "app_cost": 123087376636000, "app_error": null}}}