{"_default": {"1": {"network": "goerli", "confirmations": 5, "timestamp": 1658765136.0161085, "fee": null, "user_hash": "0x59204537eedad394a75d40ed485dc940106c79ec3453b812cb5717aadfd899e0", "user_timestamp": 1658765155, "user_time": [19.277132511138916, 34.44461512565613, 49.11529493331909, 62.77564787864685, 77.78828430175781], "user_tx_status": 1, "user_gas_used": 44359, "user_gas_price": 1500000007, "user_cost": 66538500310513, "user_error": null, "app_hash": "0xfb8b4af0c742980d33564efabed90d56c72592d08a0cc6460feb3081b63ff2c6", "app_timestamp": 1658765230, "app_time": [16.954495429992676, 29.868569374084473, 45.006356716156006, 60.21618580818176, 75.40329003334045], "app_tx_status": 1, "app_gas_used": 22247, "app_gas_price": 1500000007, "app_cost": 33370500155729, "app_error": null}}}