{"_default": {"1": {"network": "ropsten", "confirmations": 5, "timestamp": 1658765136.550956, "fee": null, "user_hash": "0x1467c7e135f8f701ed9d063741f7929aa69ff6fcfaeaa183e1f0e6aa8eb9b228", "user_timestamp": 1658765148, "user_time": [12.404284477233887, 23.977937698364258, 47.681514263153076, 59.23990035057068, 72.93121218681335], "user_tx_status": 1, "user_gas_used": 44359, "user_gas_price": 1000000007, "user_cost": 44359000310513, "user_error": null, "app_hash": "0xc1d34e1a4c2d8fb09c742c1767977d4ebfc313aadfd7d30e020d0fc17bfeaabb", "app_timestamp": 1658765220, "app_time": [11.496809959411621, 23.053668975830078, 34.620198011398315, 46.17768931388855, 69.91099333763123], "app_tx_status": 1, "app_gas_used": 22247, "app_gas_price": 1000000007, "app_cost": 22247000155729, "app_error": null}}}