{"_default": {"1": {"network": "polygon-mumbai", "confirmations": 5, "timestamp": 1658765136.2795165, "fee": null, "user_hash": "0x1ad1a8bdfff9321112eccc8bef3dea912d9536206b43c91ab6ea4c9ab725338d", "user_timestamp": 1658765144, "user_time": [6.820225715637207, 12.701188087463379, 17.62497878074646, 22.752692222595215, 27.587798833847046], "user_tx_status": 1, "user_gas_used": 27271, "user_gas_price": 33154251901, "user_cost": 904149603592171, "user_error": null, "app_hash": "0x449de7151bb7ff0320d6d3e66458af182c2646157077e329c8851dee03b68334", "app_timestamp": 1658765170, "app_time": [5.171199321746826, 9.586782455444336, 14.588009357452393, 19.61564588546753, 24.64752221107483], "app_tx_status": 1, "app_gas_used": 22235, "app_gas_price": 32795827434, "app_cost": 729215222994990, "app_error": null}}}