{"_default": {"1": {"network": "rinkeby", "confirmations": 5, "timestamp": 1658765136.0710547, "fee": null, "user_hash": "0x46f3f801da36c77330f149c28b06e77101a5e2b42f17dba1a5bbf6354c2f63a1", "user_timestamp": 1658765141, "user_time": [4.598036289215088, 18.94198775291443, 33.94342851638794, 51.423227310180664, 64.21849036216736], "user_tx_status": 1, "user_gas_used": 44359, "user_gas_price": 1195326289, "user_cost": 53023478853751, "user_error": null, "app_hash": "0x14ba85562eec825650175927b7fba9d93cc71e9d5f57a78cf9eeff844d7176fb", "app_timestamp": 1658765216, "app_time": [16.334428310394287, 29.67385172843933, 44.73521375656128, 61.39493751525879, 74.33531880378723], "app_tx_status": 1, "app_gas_used": 22247, "app_gas_price": 1195326289, "app_cost": 26592423951383, "app_error": null}}}