{"_default": {"1": {"network": "xdai-test", "confirmations": 5, "timestamp": 1658765136.9879417, "fee": null, "user_hash": "0xdbbf9266a881ca5a4823e89d49091d3fa18361b5a8cd8fb4e6f35eca4d141d76", "user_timestamp": 1658765140, "user_time": [6.990117788314819, 6.9902873039245605, 31.601129293441772, 36.781694412231445, 56.436543464660645], "user_tx_status": 1, "user_gas_used": 44371, "user_gas_price": 20000000000, "user_cost": 887420000000000, "user_error": null, "app_hash": "0xd1f01a524bf837caf0d7d1644583f177d39981a6aa7dc0991a4bec698fc63f2d", "app_timestamp": 1658765215, "app_time": [24.750429153442383, 29.57256531715393, 50.19322609901428, 50.19342565536499, 74.86716341972351], "app_tx_status": 1, "app_gas_used": 22235, "app_gas_price": 20000000000, "app_cost": 444700000000000, "app_error": null}}}